old_path,new_path
/shop-2/women/lnxn-core-crew/,/product/lnxn-core-crew
/shop-2/kids/lnxn-core-crew-kids/,/product/lnxn-core-crew-kids
/shop-2/women/lnxn-core-hoodie/,/product/lnxn-core-hoodie
/shop-2/kids/lnxn-core-hoodie-kids/,/product/lnxn-core-hoodie-kids
/shop-2/men-men/lnxn-core-identity-hoodie-mens/,/product/lnxn-core-identity-hoodie-mens
/shop-2/women/lnxn-core-identity-hoodie-womens-edition/,/product/lnxn-core-identity-hoodie-womens-edition
/shop-2/women/lnxn-core-tee/,/product/lnxn-core-tee
/shop-2/kids/lnxn-core-tee-kids/,/product/lnxn-core-tee-kids
/shop-2/men-men/lnxn-core-tee-mens/,/product/lnxn-core-tee-mens
/shop-2/women/lnxn-heritage-crew/,/product/lnxn-heritage-crew
/shop-2/kids/lnxn-heritage-crew-kids/,/product/lnxn-heritage-crew-kids
/shop-2/men-men/lnxn-heritage-crew-mens/,/product/lnxn-heritage-crew-mens
/shop-2/women/lnxn-heritage-cropped-hoodie/,/product/lnxn-heritage-cropped-hoodie
/shop-2/women/lnxn-heritage-hoodie/,/product/lnxn-heritage-hoodie
/shop-2/kids/lnxn-heritage-kids-hoodie/,/product/lnxn-heritage-kids-hoodie
/shop-2/women/lnxn-heritage-tee/,/product/lnxn-heritage-tee
/shop-2/kids/lnxn-heritage-tee-kids/,/product/lnxn-heritage-tee-kids
/shop-2/men-men/men-lnxn-core-crew/,/product/men-lnxn-core-crew
/shop-2/men-men/men-lnxn-core-hoodie/,/product/men-lnxn-core-hoodie
/shop-2/men-men/men-lnxn-heritage-hoodie/,/product/men-lnxn-heritage-hoodie
/shop-2/men-men/men-lnxn-heritage-tee/,/product/men-lnxn-heritage-tee
/shop-2/,/shop
/shop-2/men-men/,/shop?audience=Men
/shop-2/women/,/shop?audience=Women
/shop-2/kids/,/shop?audience=Kids
